junction,section,chainage_m,uncertainty_m,method,group_n,new_invert_m
J_2955,Africa Avenue A_LHS,3.5,1.6,LABEL_CLUSTER_CENTROID,1,220.522
J_2976,Africa Avenue A_LHS,68.3,1.6,LABEL_CLUSTER_CENTROID,1,220.181
J_2984,Africa Avenue A_LHS,108.5,1.6,LABEL_CLUSTER_CENTROID,1,219.975
J_2999,Africa Avenue A_LHS,171.3,1.6,LABEL_CLUSTER_CENTROID,1,219.768
J_2990,Africa Avenue A_LHS,213.2,1.6,LABEL_CLUSTER_CENTROID,1,219.63
J_3005,Africa Avenue A_LHS,264.7,1.6,LABEL_CLUSTER_CENTROID,1,219.459
J_3141,Africa Avenue A_LHS,372.3,1.6,LABEL_CLUSTER_CENTROID,1,217.133
J_2969,Africa Avenue A_RHS,5.3,2.4,LABEL_CLUSTER_CENTROID,1,220.317
J_3006,Africa Avenue A_RHS,128.5,2.4,LABEL_CLUSTER_CENTROID,1,220.147
J_3016,Africa Avenue A_RHS,177.8,2.4,LABEL_CLUSTER_CENTROID,1,220.079
J_3022,Africa Avenue A_RHS,209.3,2.4,LABEL_CLUSTER_CENTROID,1,220.043
J_3028,Africa Avenue A_RHS,249.3,2.4,LABEL_CLUSTER_CENTROID,1,220.008
J_3047,Africa Avenue A_RHS,315.9,2.4,LABEL_CLUSTER_CENTROID,1,219.297
J_3070,Africa Avenue A_RHS,374.9,2.4,LABEL_CLUSTER_CENTROID,1,218.68
J_3141,Africa Avenue A_RHS,522.7,2.4,LABEL_CLUSTER_CENTROID,1,217.133
J_2955,Africa Avenue B_LHS,3.5,1.6,LABEL_CLUSTER_CENTROID,1,220.522
J_2919,Africa Avenue B_LHS,103.7,1.6,LABEL_CLUSTER_CENTROID,1,220.367
J_2915,Africa Avenue B_LHS,181.0,1.6,LABEL_CLUSTER_CENTROID,1,220.354
J_2909,Africa Avenue B_LHS,202.6,1.6,LABEL_CLUSTER_CENTROID,1,220.35
J_2900,Africa Avenue B_LHS,268.0,1.6,LABEL_CLUSTER_CENTROID,1,220.339
J_2888,Africa Avenue B_LHS,343.7,1.6,LABEL_CLUSTER_CENTROID,1,218.025
J_2879,Africa Avenue B_LHS,390.3,1.6,LABEL_CLUSTER_CENTROID,1,215.435
J_2969,Africa Avenue B_RHS,1.8,0.8,LABEL_CLUSTER_CENTROID,1,220.317
J_2948,Africa Avenue B_RHS,57.5,0.8,LABEL_CLUSTER_CENTROID,1,220.086
J_2928,Africa Avenue B_RHS,131.4,0.8,LABEL_CLUSTER_CENTROID,1,219.893
J_2917,Africa Avenue B_RHS,154.6,0.8,LABEL_CLUSTER_CENTROID,1,219.864
J_2912,Africa Avenue B_RHS,196.6,0.8,LABEL_CLUSTER_CENTROID,1,215.43
J_2631,Africa Avenue C_LHS,6.2,2.8,LABEL_CLUSTER_CENTROID,1,223.462
J_2664,Africa Avenue C_LHS,32.7,2.8,LABEL_CLUSTER_CENTROID,1,223.42
J_2697,Africa Avenue C_LHS,111.6,2.8,LABEL_CLUSTER_CENTROID,1,223.211
J_2744,Africa Avenue C_LHS,235.1,2.8,LABEL_CLUSTER_CENTROID,1,222.878
J_2784,Africa Avenue C_LHS,352.8,2.8,LABEL_CLUSTER_CENTROID,1,222.387
J_2809,Africa Avenue C_LHS,425.0,2.8,LABEL_CLUSTER_CENTROID,1,222.212
J_2848,Africa Avenue C_LHS,577.1,2.8,LABEL_CLUSTER_CENTROID,1,220.992
J_2851,Africa Avenue C_LHS,608.4,2.8,LABEL_CLUSTER_CENTROID,1,219.32
J_2879,Africa Avenue C_LHS,678.6,2.8,LABEL_CLUSTER_CENTROID,1,215.435
J_2674,Africa Avenue C_RHS,13.5,25.8,LABEL_CLUSTER_CENTROID_MERGED,2,223.972
J_2682,Africa Avenue C_RHS,13.5,25.8,LABEL_CLUSTER_CENTROID_MERGED,2,223.949
J_2719,Africa Avenue C_RHS,127.5,3.2,LABEL_CLUSTER_CENTROID,1,223.741
J_2755,Africa Avenue C_RHS,217.7,3.2,LABEL_CLUSTER_CENTROID,1,223.275
J_2768,Africa Avenue C_RHS,276.3,3.2,LABEL_CLUSTER_CENTROID,1,222.997
J_2787,Africa Avenue C_RHS,316.9,3.2,LABEL_CLUSTER_CENTROID,1,222.804
J_2833,Africa Avenue C_RHS,472.1,3.2,LABEL_CLUSTER_CENTROID,1,222.11
J_2846,Africa Avenue C_RHS,521.7,3.2,LABEL_CLUSTER_CENTROID,1,221.945
J_2862,Africa Avenue C_RHS,544.3,3.2,LABEL_CLUSTER_CENTROID,1,221.26
J_2866,Africa Avenue C_RHS,564.9,3.2,LABEL_CLUSTER_CENTROID,1,220.635
J_2868,Africa Avenue C_RHS,596.5,3.2,LABEL_CLUSTER_CENTROID,1,220.501
J_2880,Africa Avenue C_RHS,630.0,3.2,LABEL_CLUSTER_CENTROID,1,220.388
J_2898,Africa Avenue C_RHS,687.9,3.2,LABEL_CLUSTER_CENTROID,1,217.548
J_2912,Africa Avenue C_RHS,731.7,3.2,LABEL_CLUSTER_CENTROID,1,215.43
J_2621,Africa Avenue D_LHS,3.1,1.4,LABEL_CLUSTER_CENTROID,1,224.278
J_2596,Africa Avenue D_LHS,48.8,1.4,LABEL_CLUSTER_CENTROID,1,224.192
J_2577,Africa Avenue D_LHS,86.8,1.4,LABEL_CLUSTER_CENTROID,1,224.121
J_2546,Africa Avenue D_LHS,149.9,1.4,LABEL_CLUSTER_CENTROID,1,224.099
J_2520,Africa Avenue D_LHS,209.1,1.4,LABEL_CLUSTER_CENTROID,1,224.068
J_2512,Africa Avenue D_LHS,227.7,1.4,LABEL_CLUSTER_CENTROID,1,224.058
J_2488,Africa Avenue D_LHS,285.7,1.4,LABEL_CLUSTER_CENTROID,1,221.944
J_2473,Africa Avenue D_LHS,346.3,1.4,LABEL_CLUSTER_CENTROID,1,219.83
J_2674,Africa Avenue D_RHS,3.1,1.4,LABEL_CLUSTER_CENTROID,1,223.972
J_2670,Africa Avenue D_RHS,14.7,1.4,LABEL_CLUSTER_CENTROID,1,223.944
J_2657,Africa Avenue D_RHS,38.0,1.4,LABEL_CLUSTER_CENTROID,1,223.89
J_2626,Africa Avenue D_RHS,84.5,1.4,LABEL_CLUSTER_CENTROID,1,223.782
J_2593,Africa Avenue D_RHS,149.7,1.4,LABEL_CLUSTER_CENTROID,1,223.629
J_2567,Africa Avenue D_RHS,202.3,1.4,LABEL_CLUSTER_CENTROID,1,223.177
J_2528,Africa Avenue D_RHS,286.0,1.4,LABEL_CLUSTER_CENTROID,1,221.547
J_2510,Africa Avenue D_RHS,332.2,1.4,LABEL_CLUSTER_CENTROID,1,220.099
J_2503,Africa Avenue D_RHS,347.2,1.4,LABEL_CLUSTER_CENTROID,1,219.595
J_2354,Africa Avenue E_LHS,2.2,1.0,LABEL_CLUSTER_CENTROID,1,224.59
J_2383,Africa Avenue E_LHS,48.7,1.0,LABEL_CLUSTER_CENTROID,1,224.589
J_2415,Africa Avenue E_LHS,101.0,1.0,LABEL_CLUSTER_CENTROID,1,224.587
J_2437,Africa Avenue E_LHS,133.9,1.0,LABEL_CLUSTER_CENTROID,1,224.586
J_2464,Africa Avenue E_LHS,206.1,1.0,LABEL_CLUSTER_CENTROID,1,224.583
J_2473,Africa Avenue E_LHS,247.4,1.0,LABEL_CLUSTER_CENTROID,1,219.83
J_2436,Africa Avenue E_RHS,1.8,0.8,LABEL_CLUSTER_CENTROID,1,226.792
J_2487,Africa Avenue E_RHS,134.6,0.8,LABEL_CLUSTER_CENTROID,1,225.187
J_2503,Africa Avenue E_RHS,189.0,0.8,LABEL_CLUSTER_CENTROID,1,219.595
J_3061,Africa Avenue Road_LHS,32.2,32.2,LABEL_CLUSTER_CENTROID_MERGED,5,219.366
J_3059,Africa Avenue Road_LHS,32.2,32.2,LABEL_CLUSTER_CENTROID_MERGED,5,219.353
J_3066,Africa Avenue Road_LHS,32.2,32.2,LABEL_CLUSTER_CENTROID_MERGED,5,219.272
J_3068,Africa Avenue Road_LHS,32.2,32.2,LABEL_CLUSTER_CENTROID_MERGED,5,219.271
J_3071,Africa Avenue Road_LHS,32.2,32.2,LABEL_CLUSTER_CENTROID_MERGED,5,219.27
J_3087,Africa Avenue Road_LHS,206.1,4.0,LABEL_CLUSTER_CENTROID,1,219.259
J_3094,Africa Avenue Road_LHS,238.3,32.2,LABEL_CLUSTER_CENTROID_MERGED,2,219.257
J_3088,Africa Avenue Road_LHS,238.3,32.2,LABEL_CLUSTER_CENTROID_MERGED,2,219.256
J_3090,Africa Avenue Road_LHS,281.8,4.0,LABEL_CLUSTER_CENTROID,1,219.253
J_3098,Africa Avenue Road_LHS,328.5,32.2,LABEL_CLUSTER_CENTROID_MERGED,4,219.251
J_3084,Africa Avenue Road_LHS,328.5,32.2,LABEL_CLUSTER_CENTROID_MERGED,4,219.25
J_3091,Africa Avenue Road_LHS,328.5,32.2,LABEL_CLUSTER_CENTROID_MERGED,4,219.249
J_3095,Africa Avenue Road_LHS,328.5,32.2,LABEL_CLUSTER_CENTROID_MERGED,4,219.248
J_3097,Africa Avenue Road_LHS,385.7,32.2,LABEL_CLUSTER_CENTROID_MERGED,2,219.246
J_3101,Africa Avenue Road_LHS,385.7,32.2,LABEL_CLUSTER_CENTROID_MERGED,2,219.245
J_3102,Africa Avenue Road_LHS,441.2,4.0,LABEL_CLUSTER_CENTROID,1,219.241
J_3099,Africa Avenue Road_LHS,484.7,32.2,LABEL_CLUSTER_CENTROID_MERGED,5,219.239
J_3106,Africa Avenue Road_LHS,484.7,32.2,LABEL_CLUSTER_CENTROID_MERGED,5,219.237
J_3104,Africa Avenue Road_LHS,484.7,32.2,LABEL_CLUSTER_CENTROID_MERGED,5,219.236
J_3103,Africa Avenue Road_LHS,484.7,32.2,LABEL_CLUSTER_CENTROID_MERGED,5,219.235
J_3105,Africa Avenue Road_LHS,484.7,32.2,LABEL_CLUSTER_CENTROID_MERGED,5,219.235
J_3108,Africa Avenue Road_LHS,543.5,32.2,LABEL_CLUSTER_CENTROID_MERGED,2,219.235
J_3117,Africa Avenue Road_LHS,543.5,32.2,LABEL_CLUSTER_CENTROID_MERGED,2,219.234
J_3118,Africa Avenue Road_LHS,571.7,4.0,LABEL_CLUSTER_CENTROID,1,219.233
J_3121,Africa Avenue Road_LHS,708.5,32.2,LABEL_CLUSTER_CENTROID_MERGED,3,219.231
J_3100,Africa Avenue Road_LHS,708.5,32.2,LABEL_CLUSTER_CENTROID_MERGED,3,219.222
J_3092,Africa Avenue Road_LHS,708.5,32.2,LABEL_CLUSTER_CENTROID_MERGED,3,219.221
J_3085,Africa Avenue Road_LHS,750.4,4.0,LABEL_CLUSTER_CENTROID,1,219.22
J_3080,Africa Avenue Road_LHS,776.2,4.0,LABEL_CLUSTER_CENTROID,1,219.218
J_3077,Africa Avenue Road_LHS,799.5,4.0,LABEL_CLUSTER_CENTROID,1,219.216
J_3073,Africa Avenue Road_LHS,838.2,32.2,LABEL_CLUSTER_CENTROID_MERGED,2,219.214
J_3054,Africa Avenue Road_LHS,838.2,32.2,LABEL_CLUSTER_CENTROID_MERGED,2,219.212
J_3051,Africa Avenue Road_LHS,869.6,4.0,LABEL_CLUSTER_CENTROID,1,219.211
J_3044,Africa Avenue Road_LHS,916.3,32.2,LABEL_CLUSTER_CENTROID_MERGED,6,219.209
J_3040,Africa Avenue Road_LHS,916.3,32.2,LABEL_CLUSTER_CENTROID_MERGED,6,219.207
J_3038,Africa Avenue Road_LHS,916.3,32.2,LABEL_CLUSTER_CENTROID_MERGED,6,219.206
J_3036,Africa Avenue Road_LHS,916.3,32.2,LABEL_CLUSTER_CENTROID_MERGED,6,219.066
J_3033,Africa Avenue Road_LHS,916.3,32.2,LABEL_CLUSTER_CENTROID_MERGED,6,218.936
J_3048,Africa Avenue Road_LHS,916.3,32.2,LABEL_CLUSTER_CENTROID_MERGED,6,218.856
J_3041,Africa Avenue Road_LHS,996.0,4.0,LABEL_CLUSTER_CENTROID,1,218.216
J_3135,Africa Avenue Road_RHS,1.4,0.6,LABEL_CLUSTER_CENTROID,1,219.017
J_3137,Africa Avenue Road_RHS,21.1,0.6,LABEL_CLUSTER_CENTROID,1,218.545
J_3146,Africa Avenue Road_RHS,40.5,0.6,LABEL_CLUSTER_CENTROID,1,218.395
J_3153,Africa Avenue Road_RHS,72.5,0.6,LABEL_CLUSTER_CENTROID,1,218.262
J_3157,Africa Avenue Road_RHS,101.5,0.6,LABEL_CLUSTER_CENTROID,1,218.193
J_3164,Africa Avenue Road_RHS,135.1,0.6,LABEL_CLUSTER_CENTROID,1,218.113
J_3167,Africa Avenue Road_RHS,151.4,0.6,LABEL_CLUSTER_CENTROID,1,218.107
J_2856,Berral - Kushak Nala Shanti Path Join,15.9,7.2,LABEL_CLUSTER_CENTROID,1,214.408
J_3079,Berral - Kushak Nala Shanti Path Join,284.1,7.2,LABEL_CLUSTER_CENTROID,1,213.608
J_3129,Berral - Kushak Nala Shanti Path Join,330.4,7.2,LABEL_CLUSTER_CENTROID,1,213.515
J_3510,Berral - Kushak Nala Shanti Path Join,887.0,7.2,LABEL_CLUSTER_CENTROID,1,211.322
J_3830,Berral - Kushak Nala Shanti Path Join,1150.7,7.2,LABEL_CLUSTER_CENTROID,1,210.284
J_3880,Berral - Kushak Nala Shanti Path Join,1188.4,7.2,LABEL_CLUSTER_CENTROID,1,210.13
J_3945,Berral - Kushak Nala Shanti Path Join,1230.7,7.2,LABEL_CLUSTER_CENTROID,1,209.964
J_4361,Berral - Kushak Nala Shanti Path Join,1511.6,7.2,LABEL_CLUSTER_CENTROID,1,208.844
J_4771,Berral - Kushak Nala Shanti Path Join,1698.6,7.2,LABEL_CLUSTER_CENTROID,1,208.114
J_6654,Berral - SRI AUROBINDO MARG FLYOVER,10.6,4.8,LABEL_CLUSTER_CENTROID,1,214.229
J_6646,Berral - SRI AUROBINDO MARG FLYOVER,69.6,4.8,LABEL_CLUSTER_CENTROID,1,209.528
J_6620,Berral - SRI AUROBINDO MARG FLYOVER,166.2,4.8,LABEL_CLUSTER_CENTROID,1,208.986
J_6610,Berral - SRI AUROBINDO MARG FLYOVER,207.7,38.6,LABEL_CLUSTER_CENTROID_MERGED,2,208.811
J_6607,Berral - SRI AUROBINDO MARG FLYOVER,207.7,38.6,LABEL_CLUSTER_CENTROID_MERGED,2,208.687
J_6605,Berral - SRI AUROBINDO MARG FLYOVER,249.3,38.6,LABEL_CLUSTER_CENTROID_MERGED,2,208.546
J_6606,Berral - SRI AUROBINDO MARG FLYOVER,249.3,38.6,LABEL_CLUSTER_CENTROID_MERGED,2,208.484
J_6638,Berral - SRI AUROBINDO MARG FLYOVER,347.8,38.6,LABEL_CLUSTER_CENTROID_MERGED,5,208.14
J_6649,Berral - SRI AUROBINDO MARG FLYOVER,347.8,38.6,LABEL_CLUSTER_CENTROID_MERGED,5,208.061
J_6668,Berral - SRI AUROBINDO MARG FLYOVER,347.8,38.6,LABEL_CLUSTER_CENTROID_MERGED,5,207.954
J_6681,Berral - SRI AUROBINDO MARG FLYOVER,347.8,38.6,LABEL_CLUSTER_CENTROID_MERGED,5,207.83
J_6689,Berral - SRI AUROBINDO MARG FLYOVER,347.8,38.6,LABEL_CLUSTER_CENTROID_MERGED,5,207.768
J_6920,Berral - SRI AUROBINDO MARG FLYOVER,1086.0,4.8,LABEL_CLUSTER_CENTROID,1,203.766
J_5821,KIDWAIRAOD_LHS,7.1,3.2,LABEL_CLUSTER_CENTROID,1,213.195
J_5827,KIDWAIRAOD_LHS,91.5,3.2,LABEL_CLUSTER_CENTROID,1,212.512
J_5835,KIDWAIRAOD_LHS,181.0,3.2,LABEL_CLUSTER_CENTROID,1,212.256
J_5842,KIDWAIRAOD_LHS,242.2,3.2,LABEL_CLUSTER_CENTROID,1,212.085
J_6022,KIDWAIRAOD_LHS,358.8,25.8,LABEL_CLUSTER_CENTROID_MERGED,2,211.85
J_6047,KIDWAIRAOD_LHS,358.8,25.8,LABEL_CLUSTER_CENTROID_MERGED,2,211.804
J_6114,KIDWAIRAOD_LHS,391.6,3.2,LABEL_CLUSTER_CENTROID,1,211.462
J_6187,KIDWAIRAOD_LHS,432.9,3.2,LABEL_CLUSTER_CENTROID,1,210.763
J_6262,KIDWAIRAOD_LHS,476.0,3.2,LABEL_CLUSTER_CENTROID,1,210.736
J_6364,KIDWAIRAOD_LHS,523.6,25.8,LABEL_CLUSTER_CENTROID_MERGED,2,210.71
J_6418,KIDWAIRAOD_LHS,523.6,25.8,LABEL_CLUSTER_CENTROID_MERGED,2,210.701
J_6537,KIDWAIRAOD_LHS,564.3,3.2,LABEL_CLUSTER_CENTROID,1,210.681
J_6796,KIDWAIRAOD_LHS,650.6,3.2,LABEL_CLUSTER_CENTROID,1,209.129
J_6847,KIDWAIRAOD_LHS,673.4,3.2,LABEL_CLUSTER_CENTROID,1,208.719
J_6863,KIDWAIRAOD_LHS,731.7,3.2,LABEL_CLUSTER_CENTROID,1,203.767
J_6182,Kushak Nalla Part II,5.3,2.4,LABEL_CLUSTER_CENTROID,1,203.769
J_6863,Kushak Nalla Part II,257.0,2.4,LABEL_CLUSTER_CENTROID,1,203.767
J_6891,Kushak Nalla Part II,271.0,2.4,LABEL_CLUSTER_CENTROID,1,203.767
J_6920,Kushak Nalla Part II,285.0,2.4,LABEL_CLUSTER_CENTROID,1,203.766
J_6976,Kushak Nalla Part II,312.6,2.4,LABEL_CLUSTER_CENTROID,1,203.765
J_7549,Kushak Nalla Part II,542.0,2.4,LABEL_CLUSTER_CENTROID,1,203.752
J_5105,KushakNalla Part II,10.6,4.8,LABEL_CLUSTER_CENTROID,1,206.033
J_5330,KushakNalla Part II,414.5,38.6,LABEL_CLUSTER_CENTROID_MERGED,2,206.007
J_5336,KushakNalla Part II,414.5,38.6,LABEL_CLUSTER_CENTROID_MERGED,2,206.006
J_5408,KushakNalla Part II,538.2,4.8,LABEL_CLUSTER_CENTROID,1,205.998
J_5505,KushakNalla Part II,709.2,4.8,LABEL_CLUSTER_CENTROID,1,205.987
J_5532,KushakNalla Part II,738.2,4.8,LABEL_CLUSTER_CENTROID,1,205.944
J_5561,KushakNalla Part II,777.8,38.6,LABEL_CLUSTER_CENTROID_MERGED,2,205.785
J_5587,KushakNalla Part II,777.8,38.6,LABEL_CLUSTER_CENTROID_MERGED,2,205.6
J_5626,KushakNalla Part II,820.3,4.8,LABEL_CLUSTER_CENTROID,1,205.183
J_5670,KushakNalla Part II,854.1,4.8,LABEL_CLUSTER_CENTROID,1,204.9
J_5710,KushakNalla Part II,890.8,38.6,LABEL_CLUSTER_CENTROID_MERGED,2,204.63
J_5753,KushakNalla Part II,890.8,38.6,LABEL_CLUSTER_CENTROID_MERGED,2,204.16
J_5818,KushakNalla Part II,927.5,4.8,LABEL_CLUSTER_CENTROID,1,204.058
J_5902,KushakNalla Part II,963.3,4.8,LABEL_CLUSTER_CENTROID,1,203.968
J_5997,KushakNalla Part II,1015.5,38.6,LABEL_CLUSTER_CENTROID_MERGED,2,203.769
J_6043,KushakNalla Part II,1015.5,38.6,LABEL_CLUSTER_CENTROID_MERGED,2,203.769
J_6182,KushakNalla Part II,1093.7,4.8,LABEL_CLUSTER_CENTROID,1,203.769
J_3055,KushakNallah,0.0,100.0,TRUNK_ORIGIN(frame left edge),1,216.841
J_4758,KushakNallah,1913,25,TRUNK_single_label,1,207.754
J_4745,KushakNallah,2003,25,TRUNK_single_label,1,207.55
J_4736,KushakNallah,2113,16,TRUNK_single_label,1,207.498
J_4723,KushakNallah,2209,16,TRUNK_single_label,1,207.446
J_4713,KushakNallah,2303,16,TRUNK_single_label,1,207.401
J_4702,KushakNallah,2428,16,TRUNK_single_label,1,207.392
J_4693,KushakNallah,2531,16,TRUNK_single_label,1,207.29
J_4681,KushakNallah,2660,16,TRUNK_merged_pair,2,207.238
J_4671,KushakNallah,2660,16,TRUNK_merged_pair,2,207.086
J_4665,KushakNallah,2860,45,TRUNK_merged_block4,4,207.064
J_4704,KushakNallah,2860,45,TRUNK_merged_block4,4,207.04
J_4755,KushakNallah,2860,45,TRUNK_merged_block4,4,207.03
J_4785,KushakNallah,2860,45,TRUNK_merged_block4,4,206.93
J_4897,KushakNallah,3118,16,TRUNK_merged_pair,2,206.245
J_4914,KushakNallah,3118,16,TRUNK_merged_pair,2,206.23
J_5105,KushakNallah,3550,25,TRUNK_single_label,1,206.033
J_4772,KushakNallah,,,UNRESOLVED_LABEL_OVERLAP,,207.861
J_3406,KushakNallah,,,UNRESOLVED_LABEL_OVERLAP,,212.721
J_4152,KushakNallah,,,UNRESOLVED_LABEL_OVERLAP,,211.021
J_4695,KushakNallah,,,UNRESOLVED_LABEL_OVERLAP,,209.379
J_4779,KushakNallah,,,UNRESOLVED_LABEL_OVERLAP,,209.126
J_4196,KushakNallah,,,UNRESOLVED_LABEL_OVERLAP,,210.886
J_4819,KushakNallah,,,UNRESOLVED_LABEL_OVERLAP,,208.518
J_4688,KushakNallah,,,UNRESOLVED_LABEL_OVERLAP,,209.392
J_4313,KushakNallah,,,UNRESOLVED_LABEL_OVERLAP,,210.816
J_4653,KushakNallah,,,UNRESOLVED_LABEL_OVERLAP,,209.834
J_4088,KushakNallah,,,UNRESOLVED_LABEL_OVERLAP,,211.291
J_4798,KushakNallah,,,UNRESOLVED_LABEL_OVERLAP,,208.731
J_4767,KushakNallah,,,UNRESOLVED_LABEL_OVERLAP,,207.948
J_4806,KushakNallah,,,UNRESOLVED_LABEL_OVERLAP,,208.288
J_4387,KushakNallah,,,UNRESOLVED_LABEL_OVERLAP,,210.8
J_4811,KushakNallah,,,UNRESOLVED_LABEL_OVERLAP,,208.57
J_4782,KushakNallah,,,UNRESOLVED_LABEL_OVERLAP,,208.877
J_3679,KushakNallah,,,UNRESOLVED_LABEL_OVERLAP,,
J_3849,KushakNallah,,,UNRESOLVED_LABEL_OVERLAP,,212.154
J_4261,KushakNallah,,,UNRESOLVED_LABEL_OVERLAP,,210.851
J_4771,KushakNallah,,,UNRESOLVED_LABEL_OVERLAP,,208.114
J_4124,KushakNallah,,,UNRESOLVED_LABEL_OVERLAP,,211.056
J_4790,KushakNallah,,,UNRESOLVED_LABEL_OVERLAP,,209.278
J_4757,KushakNallah,,,UNRESOLVED_LABEL_OVERLAP,,207.746
J_3781,KushakNallah,,,UNRESOLVED_LABEL_OVERLAP,,212.221
J_3565,KushakNallah,,,UNRESOLVED_LABEL_OVERLAP,,212.391
J_4775,KushakNallah,,,UNRESOLVED_LABEL_OVERLAP,,207.962
J_4611,KushakNallah,,,UNRESOLVED_LABEL_OVERLAP,,209.87
J_3168,KushakNallah,,,UNRESOLVED_LABEL_OVERLAP,,215.392
J_4674,KushakNallah,,,UNRESOLVED_LABEL_OVERLAP,,209.799
J_4006,KushakNallah,,,UNRESOLVED_LABEL_OVERLAP,,211.326
J_3115,KushakNallah,,,UNRESOLVED_LABEL_OVERLAP,,216.592
J_3455,KushakNallah,,,UNRESOLVED_LABEL_OVERLAP,,212.651
J_4555,KushakNallah,,,UNRESOLVED_LABEL_OVERLAP,,209.975
J_4572,KushakNallah,,,UNRESOLVED_LABEL_OVERLAP,,209.905
J_3303,KushakNallah,,,UNRESOLVED_LABEL_OVERLAP,,214.292
J_4797,KushakNallah,,,UNRESOLVED_LABEL_OVERLAP,,209.299
J_3525,KushakNallah,,,UNRESOLVED_LABEL_OVERLAP,,212.597
J_3258,KushakNallah,,,UNRESOLVED_LABEL_OVERLAP,,214.492
J_4454,KushakNallah,,,UNRESOLVED_LABEL_OVERLAP,,210.785
J_3614,KushakNallah,,,UNRESOLVED_LABEL_OVERLAP,,212.289
J_4711,KushakNallah,,,UNRESOLVED_LABEL_OVERLAP,,209.353
J_3369,KushakNallah,,,UNRESOLVED_LABEL_OVERLAP,,213.688
J_3918,KushakNallah,,,UNRESOLVED_LABEL_OVERLAP,,212.062
J_4520,KushakNallah,,,UNRESOLVED_LABEL_OVERLAP,,210.61
J_4774,KushakNallah,,,UNRESOLVED_LABEL_OVERLAP,,207.857
J_4567,KushakNallah,,,UNRESOLVED_LABEL_OVERLAP,,209.94
J_5396,MAHARAJAAGARSEN MARG_LHS,8.9,4.0,LABEL_CLUSTER_CENTROID,1,213.631
J_5454,MAHARAJAAGARSEN MARG_LHS,165.9,32.2,LABEL_CLUSTER_CENTROID_MERGED,2,213.403
J_5463,MAHARAJAAGARSEN MARG_LHS,165.9,32.2,LABEL_CLUSTER_CENTROID_MERGED,2,213.38
J_5474,MAHARAJAAGARSEN MARG_LHS,215.8,32.2,LABEL_CLUSTER_CENTROID_MERGED,5,213.34
J_5480,MAHARAJAAGARSEN MARG_LHS,215.8,32.2,LABEL_CLUSTER_CENTROID_MERGED,5,213.165
J_5484,MAHARAJAAGARSEN MARG_LHS,215.8,32.2,LABEL_CLUSTER_CENTROID_MERGED,5,213.156
J_5489,MAHARAJAAGARSEN MARG_LHS,215.8,32.2,LABEL_CLUSTER_CENTROID_MERGED,5,213.146
J_5499,MAHARAJAAGARSEN MARG_LHS,215.8,32.2,LABEL_CLUSTER_CENTROID_MERGED,5,213.124
J_5517,MAHARAJAAGARSEN MARG_LHS,272.1,4.0,LABEL_CLUSTER_CENTROID,1,213.097
J_5519,MAHARAJAAGARSEN MARG_LHS,353.5,32.2,LABEL_CLUSTER_CENTROID_MERGED,4,213.086
J_5523,MAHARAJAAGARSEN MARG_LHS,353.5,32.2,LABEL_CLUSTER_CENTROID_MERGED,4,213.076
J_5534,MAHARAJAAGARSEN MARG_LHS,353.5,32.2,LABEL_CLUSTER_CENTROID_MERGED,4,213.065
J_5540,MAHARAJAAGARSEN MARG_LHS,353.5,32.2,LABEL_CLUSTER_CENTROID_MERGED,4,213.055
J_5544,MAHARAJAAGARSEN MARG_LHS,433.5,4.0,LABEL_CLUSTER_CENTROID,1,213.045
J_5564,MAHARAJAAGARSEN MARG_LHS,502.3,32.2,LABEL_CLUSTER_CENTROID_MERGED,5,213.019
J_5582,MAHARAJAAGARSEN MARG_LHS,502.3,32.2,LABEL_CLUSTER_CENTROID_MERGED,5,212.987
J_5585,MAHARAJAAGARSEN MARG_LHS,502.3,32.2,LABEL_CLUSTER_CENTROID_MERGED,5,212.978
J_5594,MAHARAJAAGARSEN MARG_LHS,502.3,32.2,LABEL_CLUSTER_CENTROID_MERGED,5,212.965
J_5602,MAHARAJAAGARSEN MARG_LHS,502.3,32.2,LABEL_CLUSTER_CENTROID_MERGED,5,212.959
J_5616,MAHARAJAAGARSEN MARG_LHS,543.5,4.0,LABEL_CLUSTER_CENTROID,1,212.955
J_5656,MAHARAJAAGARSEN MARG_LHS,602.3,32.2,LABEL_CLUSTER_CENTROID_MERGED,4,212.947
J_5673,MAHARAJAAGARSEN MARG_LHS,602.3,32.2,LABEL_CLUSTER_CENTROID_MERGED,4,212.943
J_5681,MAHARAJAAGARSEN MARG_LHS,602.3,32.2,LABEL_CLUSTER_CENTROID_MERGED,4,212.941
J_5695,MAHARAJAAGARSEN MARG_LHS,602.3,32.2,LABEL_CLUSTER_CENTROID_MERGED,4,212.939
J_5750,MAHARAJAAGARSEN MARG_LHS,655.4,4.0,LABEL_CLUSTER_CENTROID,1,212.932
J_5848,MAHARAJAAGARSEN MARG_LHS,701.3,32.2,LABEL_CLUSTER_CENTROID_MERGED,2,212.924
J_5884,MAHARAJAAGARSEN MARG_LHS,701.3,32.2,LABEL_CLUSTER_CENTROID_MERGED,2,212.921
J_5940,MAHARAJAAGARSEN MARG_LHS,746.4,32.2,LABEL_CLUSTER_CENTROID_MERGED,2,212.915
J_5990,MAHARAJAAGARSEN MARG_LHS,746.4,32.2,LABEL_CLUSTER_CENTROID_MERGED,2,212.911
J_6095,MAHARAJAAGARSEN MARG_LHS,801.9,4.0,LABEL_CLUSTER_CENTROID,1,212.901
J_6137,MAHARAJAAGARSEN MARG_LHS,827.7,4.0,LABEL_CLUSTER_CENTROID,1,212.896
J_6184,MAHARAJAAGARSEN MARG_LHS,850.2,4.0,LABEL_CLUSTER_CENTROID,1,212.837
J_6182,MAHARAJAAGARSEN MARG_LHS,927.5,4.0,LABEL_CLUSTER_CENTROID,1,203.769
J_5372,MAHARAJAAGARSEN MARG_RHS,8.0,3.6,LABEL_CLUSTER_CENTROID,1,213.65
J_5418,MAHARAJAAGARSEN MARG_RHS,154.2,29.0,LABEL_CLUSTER_CENTROID_MERGED,3,213.603
J_5420,MAHARAJAAGARSEN MARG_RHS,154.2,29.0,LABEL_CLUSTER_CENTROID_MERGED,3,213.449
J_5427,MAHARAJAAGARSEN MARG_RHS,154.2,29.0,LABEL_CLUSTER_CENTROID_MERGED,3,213.417
J_5434,MAHARAJAAGARSEN MARG_RHS,203.6,29.0,LABEL_CLUSTER_CENTROID_MERGED,3,213.372
J_5437,MAHARAJAAGARSEN MARG_RHS,203.6,29.0,LABEL_CLUSTER_CENTROID_MERGED,3,213.273
J_5441,MAHARAJAAGARSEN MARG_RHS,203.6,29.0,LABEL_CLUSTER_CENTROID_MERGED,3,213.173
J_5453,MAHARAJAAGARSEN MARG_RHS,242.8,29.0,LABEL_CLUSTER_CENTROID_MERGED,2,212.833
J_5460,MAHARAJAAGARSEN MARG_RHS,242.8,29.0,LABEL_CLUSTER_CENTROID_MERGED,2,212.81
J_5600,MAHARAJAAGARSEN MARG_RHS,559.4,3.6,LABEL_CLUSTER_CENTROID,1,212.011
J_5630,MAHARAJAAGARSEN MARG_RHS,590.6,3.6,LABEL_CLUSTER_CENTROID,1,211.192
J_6041,MAHARAJAAGARSEN MARG_RHS,804.3,3.6,LABEL_CLUSTER_CENTROID,1,205.487
J_6043,MAHARAJAAGARSEN MARG_RHS,871.0,3.6,LABEL_CLUSTER_CENTROID,1,203.769
J_4543,NAUROJI NAGAR NALLA,6.4,3.2,LABEL_CLUSTER_CENTROID,1,211.924
J_4816,NAUROJI NAGAR NALLA,105.6,3.2,LABEL_CLUSTER_CENTROID,1,211.541
J_4887,NAUROJI NAGAR NALLA,132.0,3.2,LABEL_CLUSTER_CENTROID,1,211.259
J_5172,NAUROJI NAGAR NALLA,430.9,3.2,LABEL_CLUSTER_CENTROID,1,208.137
J_5670,NAUROJI NAGAR NALLA,739.5,3.2,LABEL_CLUSTER_CENTROID,1,204.9
J_3141,NAUROJINAGAR NALLA,8.9,4.0,LABEL_CLUSTER_CENTROID,1,217.133
J_3253,NAUROJINAGAR NALLA,67.6,4.0,LABEL_CLUSTER_CENTROID,1,216.733
J_3336,NAUROJINAGAR NALLA,120.0,4.0,LABEL_CLUSTER_CENTROID,1,215.33
J_3553,NAUROJINAGAR NALLA,323.0,4.0,LABEL_CLUSTER_CENTROID,1,214.548
J_4543,NAUROJINAGAR NALLA,994.4,4.0,LABEL_CLUSTER_CENTROID,1,211.924
